{"cameraMode":{"drawMode":0,"name":"Shaded","section":"Shading Mode"},"sceneLighting":false,"audioPlay":false,"sceneViewState":{"showFog":true,"showMaterialUpdate":false,"showSkybox":false,"showFlares":true,"showImageEffects":true,"showParticleSystems":true},"in2DMode":false,"pivot":{"x":249.286865234375,"y":-133.08480834960938,"z":-15.841155052185059},"rotation":{"x":0.13985073566436768,"y":0.7422533631324768,"z":-0.16356748342514039,"w":0.6346238851547241},"size":4.041658401489258,"orthographic":false}