{"cameraMode":{"drawMode":0,"name":"Shaded","section":"Shading Mode"},"sceneLighting":false,"audioPlay":false,"sceneViewState":{"showFog":true,"showMaterialUpdate":false,"showSkybox":false,"showFlares":true,"showImageEffects":true,"showParticleSystems":true},"in2DMode":false,"pivot":{"x":-0.6417510509490967,"y":0.0816066563129425,"z":0.9797868728637695},"rotation":{"x":0.002545854775235057,"y":0.32288846373558047,"z":0.0008685739012435079,"w":-0.9464332461357117},"size":4.991988658905029,"orthographic":false}