{"cameraMode":{"drawMode":0,"name":"Shaded","section":"Shading Mode"},"sceneLighting":true,"audioPlay":false,"sceneViewState":{"showFog":true,"showMaterialUpdate":false,"showSkybox":true,"showFlares":true,"showImageEffects":true,"showParticleSystems":true},"in2DMode":false,"pivot":{"x":97.0,"y":20.891000747680665,"z":-31.922998428344728},"rotation":{"x":0.01911284402012825,"y":-0.9428738355636597,"z":0.32803303003311159,"w":0.05493636429309845},"size":4.248983383178711,"orthographic":false}